{"blistery": -1.0, "overnice": 1.0, "foul": -1.0, "corruptive": -1.0, "nonintellectual": -1.0, "patronizing": 1.0, "stinky": -1.0, "impoverishment": 1.0, "under": -1.0, "wildcat": -1.0, "worth": 1.0, "blistering": -1.0, "void": -1.0, "pinchbeck": -1.0, "disobedient": -1.0, "yellow": -1.0, "thriving": 1.0, "soiled": 1.0, "screaming": -1.0, "prize": 1.0, "vitriolic": -1.0, "rose-colored": 1.0, "deplorable": -1.0, "veritable": 1.0, "phoney": -1.0, "sooty": -1.0, "fabulous": 1.0, "subordinate": -1.0, "buddy-buddy": 1.0, "shining": 1.0, "blue": -1.0, "sulphurous": -1.0, "unskilled": -1.0, "mischievous": -1.0, "apotropaic": 1.0, "top-flight": 1.0, "unseemly": -1.0, "unobjectionable": 1.0, "unholy": -1.0, "top-hole": 1.0, "weapons-grade": 1.0, "rehabilitative": 1.0, "punctilious": 1.0, "golden": 1.0, "secure": 1.0, "moral": 1.0, "total": 1.0, "safeness": -1.0, "choosey": 1.0, "catchy": -1.0, "ratty": -1.0, "negative": -1.0, "meritable": 1.0, "redoubtable": 1.0, "nocent": -1.0, "moralistic": 1.0, "negativism": 1.0, "successful": 1.0, "phony": -1.0, "excellent": 1.0, "substantiate": 1.0, "unjust": 1.0, "degenerate": -1.0, "honest": 1.0, "absolute": 1.0, "titular": 1.0, "hot": 1.0, "morbid": -1.0, "faulty": -1.0, "truthful": 1.0, "unfitness": 1.0, "vicious": -1.0, "wrong": -1.0, "rock-bottom": -1.0, "apodeictic": 1.0, "arthritic": -1.0, "arch": 1.0, "execrable": -1.0, "elusive": -1.0, "splendid": 1.0, "effective": 1.0, "stand-alone": 1.0, "pessimum": -1.0, "fictitious": -1.0, "preventive": 1.0, "fiendish": -1.0, "awful": -1.0, "validatory": 1.0, "trying": -1.0, "better": 1.0, "discomfited": -1.0, "goodish": 1.0, "admirable": 1.0, "pleasurable": 1.0, "affected": -1.0, "safe": 1.0, "top-quality": 1.0, "diseased": -1.0, "shameful": -1.0, "disreputable": -1.0, "downright": 1.0, "structural": 1.0, "stinking": -1.0, "rocky": -1.0, "dingy": -1.0, "properness": 1.0, "averse": -1.0, "fitness": 1.0, "uninfluenced": 1.0, "higher": 1.0, "side": 1.0, "mean": -1.0, "dour": -1.0, "slummy": -1.0, "skint": -1.0, "caustic": -1.0, "first-class": 1.0, "scoreless": -1.0, "dropsical": -1.0, "putrescent": -1.0, "assured": 1.0, "associate": -1.0, "bottommost": -1.0, "standard": 1.0, "icky": -1.0, "greasy": -1.0, "unfulfilled": -1.0, "correctness": -1.0, "lousy": -1.0, "hopeless": -1.0, "patness": 1.0, "undisputable": 1.0, "naughty": -1.0, "angelic": 1.0, "decency": -1.0, "encouraging": 1.0, "low-set": -1.0, "dependableness": -1.0, "delicious": 1.0, "nastiness": 1.0, "top": 1.0, "quotable": 1.0, "confirming": 1.0, "inadequateness": 1.0, "inconvenient": -1.0, "bitter": -1.0, "damaging": -1.0, "bouncing": 1.0, "wisdom": 1.0, "honest-to-god": 1.0, "untimeliness": 1.0, "sulfurous": -1.0, "moneyless": -1.0, "spoiled": -1.0, "minus": -1.0, "self-confident": 1.0, "antagonistic": -1.0, "unaffected": -1.0, "unremorseful": 1.0, "puritanical": 1.0, "genuine": 1.0, "thorough": 1.0, "fitting": 1.0, "ingrown": -1.0, "completed": 1.0, "advantageous": 1.0, "devastating": -1.0, "rancid": -1.0, "demoralized": -1.0, "consummate": 1.0, "attested": 1.0, "incomplete": -1.0, "fussy": 1.0, "rheumy": -1.0, "prim": 1.0, "eminent": 1.0, "subtle": -1.0, "flatulent": -1.0, "dissolute": -1.0, "bust": -1.0, "bush": -1.0, "stabbing": -1.0, "nullified": -1.0, "irreclaimable": -1.0, "approbatory": 1.0, "unskillfulness": -1.0, "inoperative": -1.0, "foremost": 1.0, "slanderous": -1.0, "nasty": -1.0, "seemly": 1.0, "bad": -1.0, "pro-inflammatory": -1.0, "ethical": 1.0, "erroneous": -1.0, "unworthy": -1.0, "inapt": -1.0, "substantiating": 1.0, "corrupt": -1.0, "miserable": -1.0, "optimum": 1.0, "best": 1.0, "inappropriate": 1.0, "away": -1.0, "electropositive": 1.0, "loth": -1.0, "tainted": -1.0, "day-old": -1.0, "misguided": -1.0, "skimpy": -1.0, "boss": 1.0, "mucky": -1.0, "received": 1.0, "unregretful": 1.0, "fallacious": -1.0, "ill": -1.0, "estimable": 1.0, "red-blooded": 1.0, "honourableness": -1.0, "selective": 1.0, "brag": 1.0, "mortified": -1.0, "propitiousness": 1.0, "tough": -1.0, "vexed": -1.0, "incorrupt": 1.0, "condescending": 1.0, "lowly": -1.0, "majestic": 1.0, "poverty-stricken": -1.0, "ropey": -1.0, "detrimental": -1.0, "incompetent": -1.0, "unsupportive": -1.0, "easy": 1.0, "prosperous": 1.0, "beastly": -1.0, "sallow": -1.0, "gracious": 1.0, "trigger-happy": -1.0, "affirm": 1.0, "out-and-out": 1.0, "word-perfect": 1.0, "blebby": -1.0, "ugly": -1.0, "near": 1.0, "neat": 1.0, "rightness": -1.0, "hard-fought": -1.0, "pessimistic": -1.0, "preponderant": 1.0, "preeminent": 1.0, "membranous": -1.0, "strait-laced": 1.0, "defeated": -1.0, "sophistic": -1.0, "applaudable": 1.0, "in": 1.0, "blood-and-guts": -1.0, "amended": 1.0, "gram-positive": 1.0, "unfortunate": -1.0, "lusty": 1.0, "unhealthful": -1.0, "swell": 1.0, "tops": 1.0, "evil": -1.0, "dishonourableness": -1.0, "devalued": -1.0, "sunday-go-to-meeting": 1.0, "prescribed": 1.0, "practiced": 1.0, "shitty": -1.0, "humble": -1.0, "florid": 1.0, "hearty": 1.0, "greatest": 1.0, "just": 1.0, "wasteful": -1.0, "unexceeded": 1.0, "self-assured": 1.0, "remedial": 1.0, "sun-loving": 1.0, "obedient": 1.0, "innocent": 1.0, "pitiful": -1.0, "rosy-cheeked": 1.0, "scrimpy": -1.0, "salacious": -1.0, "incorrectness": 1.0, "rubicund": 1.0, "perfunctory": 1.0, "auspicious": 1.0, "hi-fi": 1.0, "incontrovertible": 1.0, "advanced": 1.0, "commercial-grade": -1.0, "snot-nosed": -1.0, "contradict": 1.0, "inopportuneness": 1.0, "wrongfulness": 1.0, "superlative": 1.0, "beneficial": 1.0, "right": 1.0, "old": 1.0, "dead": 1.0, "dear": 1.0, "bottom": -1.0, "creative": 1.0, "prejudicial": -1.0, "disheartened": -1.0, "pinched": -1.0, "corking": 1.0, "varicose": -1.0, "unseasonableness": 1.0, "constructive": 1.0, "repellant": -1.0, "squeamish": 1.0, "super": 1.0, "cheapjack": -1.0, "lowset": -1.0, "plus": 1.0, "indecency": -1.0, "serendipitous": 1.0, "down": -1.0, "problematical": -1.0, "dissenting": -1.0, "honored": 1.0, "lewd": -1.0, "support": 1.0, "approximate": 1.0, "victorious": 1.0, "counterproductive": -1.0, "full-clad": 1.0, "lowest": -1.0, "attempted": -1.0, "becoming": 1.0, "heinous": -1.0, "squalid": -1.0, "true": 1.0, "low-lying": -1.0, "inside": 1.0, "ruined": -1.0, "afflictive": -1.0, "undiscriminating": -1.0, "starchy": 1.0, "impropriety": 1.0, "scandalous": -1.0, "sinful": -1.0, "no-good": -1.0, "restorative": 1.0, "mediocre": -1.0, "injurious": -1.0, "confirmative": 1.0, "faithful": 1.0, "feculent": -1.0, "ambitious": -1.0, "cruddy": -1.0, "prestigious": 1.0, "thoroughgoing": 1.0, "palmy": 1.0, "polite": -1.0, "unrewarded": -1.0, "comely": 1.0, "flushed": 1.0, "carminative": 1.0, "pseudo": -1.0, "tight-laced": 1.0, "hitless": -1.0, "full-dress": 1.0, "anicteric": 1.0, "mild": 1.0, "swingeing": -1.0, "grateful": 1.0, "wilful": -1.0, "unpleasant": -1.0, "scrawny": -1.0, "undecomposed": 1.0, "penniless": -1.0, "choice": 1.0, "cataclysmic": -1.0, "exact": 1.0, "alterative": 1.0, "prophylactic": 1.0, "invidious": -1.0, "turgid": -1.0, "reputability": -1.0, "undependableness": -1.0, "upper": 1.0, "no-win": -1.0, "sordid": -1.0, "unswayed": 1.0, "unrespectability": -1.0, "seasonableness": 1.0, "curst": -1.0, "collateral": 1.0, "unsure": -1.0, "frothing": -1.0, "honour": -1.0, "bush-league": -1.0, "fractious": -1.0, "dissipated": -1.0, "roaring": 1.0, "carbuncled": -1.0, "brilliant": 1.0, "ravaging": -1.0, "persnickety": 1.0, "accomplished": 1.0, "worthful": 1.0, "all-out": 1.0, "rheumatic": -1.0, "sticky": -1.0, "problematic": -1.0, "close-knit": 1.0, "embarrassing": -1.0, "stingy": -1.0, "positiveness": -1.0, "spiffing": 1.0, "wealth": 1.0, "working": 1.0, "unimpressed": 1.0, "positive": 1.0, "angry": -1.0, "live": 1.0, "olympian": 1.0, "contrite": -1.0, "cytomegalic": -1.0, "conformable": 1.0, "wicked": -1.0, "acceptable": 1.0, "approving": 1.0, "bang-up": 1.0, "valued": 1.0, "gassy": -1.0, "inflamed": -1.0, "maggoty": -1.0, "nether": -1.0, "peccant": -1.0, "niceness": -1.0, "diacritic": 1.0, "calumnious": -1.0, "productive": 1.0, "carbuncular": -1.0, "meager": -1.0, "immune": 1.0, "unrighteous": -1.0, "optimal": 1.0, "masterly": 1.0, "paramount": 1.0, "blasting": -1.0, "praiseworthy": 1.0, "accessory": 1.0, "destructive": -1.0, "filthy": -1.0, "certificatory": 1.0, "underslung": -1.0, "propriety": 1.0, "thorny": -1.0, "tall": -1.0, "superscript": 1.0, "noteworthy": 1.0, "unacceptable": -1.0, "imitative": -1.0, "nefarious": -1.0, "unfavorable": -1.0, "plausive": 1.0, "cold": -1.0, "wiseness": 1.0, "dangerousness": -1.0, "main": -1.0, "peccable": -1.0, "hale": 1.0, "obscene": -1.0, "tumid": -1.0, "idyllic": 1.0, "black-tie": 1.0, "wide-cut": 1.0, "shy": -1.0, "operant": 1.0, "pucka": 1.0, "crushing": -1.0, "pernickety": 1.0, "impolite": -1.0, "inopportune": -1.0, "intellectual": -1.0, "ascendent": 1.0, "putrid": -1.0, "bullish": 1.0, "sunburnt": -1.0, "inadequacy": 1.0, "dehydrated": -1.0, "nominal": 1.0, "rational": 1.0, "ruinous": -1.0, "correct": 1.0, "ascendant": 1.0, "satanic": -1.0, "governing": 1.0, "virtuoso": 1.0, "disrespect": -1.0, "smudgy": -1.0, "unrespectable": -1.0, "calumniatory": -1.0, "roofless": -1.0, "punk": -1.0, "modest": -1.0, "water-loving": 1.0, "saintlike": 1.0, "remorseful": -1.0, "first": 1.0, "saving": 1.0, "recusant": -1.0, "indecent": -1.0, "sovereign": 1.0, "clumsy": -1.0, "soaring": 1.0, "fast": -1.0, "cheesy": -1.0, "sheer": 1.0, "triple-crown": 1.0, "denigrative": -1.0, "plastic": 1.0, "fortuitous": 1.0, "white": 1.0, "prissy": 1.0, "biddable": 1.0, "hurtful": -1.0, "wrongheaded": -1.0, "pukka": 1.0, "short": -1.0, "tumescent": -1.0, "chintzy": -1.0, "rightfulness": 1.0, "rugged": -1.0, "tawdry": -1.0, "depressed": -1.0, "victorian": 1.0, "affirmatory": 1.0, "happy": 1.0, "respectability": -1.0, "troublesome": -1.0, "invalidated": -1.0, "sad": -1.0, "grotty": -1.0, "incontestable": 1.0, "foiled": -1.0, "squat": -1.0, "unsuitable": -1.0, "terrific": -1.0, "beggarly": -1.0, "wilted": -1.0, "topping": 1.0, "time-honored": 1.0, "discerning": 1.0, "sainted": 1.0, "creditable": 1.0, "befouled": -1.0, "touchy": -1.0, "pernicious": -1.0, "annihilative": -1.0, "orthomolecular": 1.0, "senior": -1.0, "iniquitous": -1.0, "foaming": -1.0, "cheap": -1.0, "upright": 1.0, "bright": 1.0, "profligate": -1.0, "nice": 1.0, "perversive": -1.0, "high-fidelity": 1.0, "ancillary": 1.0, "black": -1.0, "moldy": -1.0, "froward": -1.0, "ranking": 1.0, "wheezy": -1.0, "uncomely": -1.0, "assistant": -1.0, "loath": -1.0, "unethical": 1.0, "secondary": -1.0, "prime": 1.0, "sickly": -1.0, "primo": 1.0, "topnotch": 1.0, "ruddy": 1.0, "raunchy": -1.0, "white-tie": 1.0, "unfit": -1.0, "recalcitrant": -1.0, "invalidating": -1.0, "nonstandard": 1.0, "full-blown": 1.0, "unabated": -1.0, "addled": -1.0, "ostensible": -1.0, "outclassed": -1.0, "impoliteness": -1.0, "straitlaced": 1.0, "adept": 1.0, "dutiful": 1.0, "bedraggled": -1.0, "concentrated": -1.0, "unspoilt": 1.0, "downtrodden": -1.0, "impeccant": 1.0, "possessive": 1.0, "luckless": -1.0, "laudable": 1.0, "dependable": 1.0, "wheezing": -1.0, "reflective": 1.0, "rebarbative": -1.0, "superfine": 1.0, "devilish": -1.0, "nifty": 1.0, "wretched": -1.0, "membrane-forming": -1.0, "observe": -1.0, "abject": -1.0, "meagre": -1.0, "sound": 1.0, "libelous": -1.0, "approbative": 1.0, "profane": -1.0, "refractory": -1.0, "promising": 1.0, "winless": -1.0, "dissident": -1.0, "disreputableness": -1.0, "grievous": -1.0, "harsh": -1.0, "creaky": -1.0, "scrubby": -1.0, "sterling": 1.0, "disadvantaged": -1.0, "clean-living": 1.0, "undependability": -1.0, "nonnormative": -1.0, "stunted": -1.0, "severe": -1.0, "admonishing": -1.0, "model": 1.0, "charged": 1.0, "diffident": -1.0, "valuable": 1.0, "slimy": -1.0, "violent": -1.0, "reputable": -1.0, "fateful": -1.0, "unaccepted": -1.0, "overconfident": 1.0, "intumescent": -1.0, "formative": 1.0, "rosy": 1.0, "unfastidious": -1.0, "real": 1.0, "presentable": 1.0, "dark": -1.0, "well-thought-of": 1.0, "semiformal": 1.0, "dependability": -1.0, "disadvantageous": -1.0, "disappointed": -1.0, "grim": -1.0, "unrepentant": 1.0, "draggled": -1.0, "flyblown": -1.0, "indisputable": 1.0, "wrongful": -1.0, "unspoiled": 1.0, "miraculous": 1.0, "substandard": -1.0, "priggish": 1.0, "ceremonial": 1.0, "unregretting": 1.0, "stony-broke": -1.0, "redeeming": 1.0, "booming": 1.0, "perverse": -1.0, "confirm": 1.0, "last-place": -1.0, "sr.": 1.0, "antipathetic": -1.0, "corrosive": -1.0, "highbrow": 1.0, "unclean": 1.0, "intimate": 1.0, "malfunctioning": -1.0, "notable": 1.0, "uneasy": -1.0, "despicable": -1.0, "empty-handed": -1.0, "patronising": 1.0, "finicky": 1.0, "ace": 1.0, "off-color": -1.0, "evil-minded": -1.0, "demonic": -1.0, "starry-eyed": 1.0, "unreformable": -1.0, "skilled": -1.0, "blessed": -1.0, "cursed": -1.0, "utility-grade": -1.0, "homeless": -1.0, "travel-stained": -1.0, "assumed": -1.0, "unreliability": -1.0, "low": -1.0, "politeness": -1.0, "disreputability": -1.0, "antimicrobic": 1.0, "buggy": -1.0, "sophisticated": 1.0, "grungy": -1.0, "scatological": -1.0, "condemnable": -1.0, "upper-level": 1.0, "dirty": 1.0, "sure-enough": 1.0, "tiptop": 1.0, "caseous": -1.0, "certain": -1.0, "awry": -1.0, "deep": -1.0, "reliability": -1.0, "incorrect": -1.0, "ill-starred": -1.0, "sanguine": 1.0, "graduate": 1.0, "rubber": -1.0, "tight": -1.0, "valid": 1.0, "antimicrobial": 1.0, "woeful": -1.0, "disgraceful": -1.0, "anthelminthic": 1.0, "poor": -1.0, "polar": 1.0, "dead-on": 1.0, "colicky": -1.0, "hairsplitting": 1.0, "tricky": -1.0, "remote": -1.0, "indiscriminating": -1.0, "windburnt": -1.0, "all": 1.0, "vile": -1.0, "sunk": -1.0, "surgical": 1.0, "forged": -1.0, "reluctant": -1.0, "synthetic": -1.0, "dreadful": -1.0, "old-maidish": 1.0, "premium": 1.0, "worse": -1.0, "confidential": 1.0, "very": 1.0, "iconoclastic": -1.0, "puffy": -1.0, "worst": -1.0, "fab": 1.0, "cheerful": 1.0, "acerb": -1.0, "undone": -1.0, "small": -1.0, "unreliableness": -1.0, "self-contained": 1.0, "unbefitting": -1.0, "functioning": 1.0, "destitute": -1.0, "ill-omened": -1.0, "unrealised": -1.0, "musty": -1.0, "corked": -1.0, "unexcelled": 1.0, "full": 1.0, "ostensive": -1.0, "mendacious": -1.0, "favourable": 1.0, "disastrous": -1.0, "operating": 1.0, "icteric": -1.0, "graciousness": -1.0, "cathartic": 1.0, "brutal": -1.0, "mouldy": -1.0, "sunburned": -1.0, "pathological": -1.0, "select": 1.0, "conventional": 1.0, "libertine": -1.0, "discriminative": 1.0, "record-breaking": 1.0, "inferential": 1.0, "underprivileged": -1.0, "regrettable": -1.0, "spoilt": -1.0, "controlling": 1.0, "broke": -1.0, "particular": 1.0, "uncool": -1.0, "negativity": 1.0, "fatal": -1.0, "reconstructive": 1.0, "negativeness": 1.0, "beautiful": 1.0, "atrocious": -1.0, "challenging": -1.0, "dandy": 1.0, "parasiticidal": 1.0, "reproachful": -1.0, "sharp": -1.0, "dress": 1.0, "awkward": -1.0, "needy": -1.0, "second-best": 1.0, "unlucky": -1.0, "sacred": 1.0, "bawdy": -1.0, "headstrong": -1.0, "confounding": -1.0, "unsound": -1.0, "authentic": 1.0, "penitentiary": -1.0, "snotty": -1.0, "down-and-out": -1.0, "preferential": 1.0, "meticulous": 1.0, "blasphemous": -1.0, "skilful": 1.0, "cocksure": 1.0, "preponderating": 1.0, "superiority": -1.0, "comfortless": -1.0, "well-preserved": 1.0, "square-toed": 1.0, "deniable": -1.0, "harmless": 1.0, "microscopic": 1.0, "self-willed": -1.0, "finer": 1.0, "good": 1.0, "grubby": -1.0, "rank": 1.0, "unauthentic": -1.0, "reassured": 1.0, "blest": -1.0, "shocking": -1.0, "exquisite": -1.0, "heavy": -1.0, "mental": -1.0, "hard": -1.0, "substantiative": 1.0, "augean": -1.0, "unsurpassed": 1.0, "new-made": 1.0, "sustain": 1.0, "bully": 1.0, "pathetic": -1.0, "pleasant": 1.0, "base": -1.0, "hapless": -1.0, "unbecoming": -1.0, "terrible": -1.0, "nonnegative": 1.0, "flat-growing": -1.0, "major": 1.0, "unhealthy": -1.0, "god-awful": -1.0, "inauthentic": -1.0, "elder": 1.0, "enlarged": -1.0, "dominating": 1.0, "fantabulous": 1.0, "sure-fire": 1.0, "indulgent": 1.0, "leading": 1.0, "comfy": 1.0, "transcendent": 1.0, "grimy": -1.0, "second-class": -1.0, "finespun": 1.0, "favorable": 1.0, "boffo": 1.0, "precedential": 1.0, "convinced": 1.0, "grace": -1.0, "ulcerated": -1.0, "ungrateful": -1.0, "skillfulness": -1.0, "sinless": 1.0, "ungodly": -1.0, "contrary": -1.0, "stale": -1.0, "risky": -1.0, "unrelenting": -1.0, "inappropriateness": 1.0, "outstanding": 1.0, "affirmative": 1.0, "depleted": -1.0, "cumbersome": -1.0, "null": -1.0, "speculative": -1.0, "angelical": 1.0, "corroboratory": 1.0, "reliableness": -1.0, "satisfactory": 1.0, "seemliness": -1.0, "knotty": -1.0, "actionable": -1.0, "clean": 1.0, "acerbic": -1.0, "unseemliness": -1.0, "blue-ribbon": 1.0, "top-notch": 1.0, "degraded": -1.0, "fine": 1.0, "washed-up": -1.0, "distressing": -1.0, "less": -1.0, "unhappy": -1.0, "antipathetical": -1.0, "pretty": -1.0, "goalless": -1.0, "unswept": -1.0, "dominant": 1.0, "upstanding": 1.0, "goody-goody": 1.0, "denigratory": -1.0, "mannerly": 1.0, "banner": 1.0, "well-off": 1.0, "common": -1.0, "courteous": 1.0, "full-blooded": 1.0, "disapproving": -1.0, "supporting": 1.0, "ball-hawking": 1.0, "horrid": -1.0, "unrealized": -1.0, "positivity": -1.0, "jaundiced": -1.0, "subscript": 1.0, "ingrowing": -1.0, "deserving": 1.0, "commercial": -1.0, "masterful": 1.0, "untouched": 1.0, "repellent": -1.0, "improved": 1.0, "go-to-meeting": 1.0, "underclass": -1.0, "pestiferous": -1.0, "unsoundness": 1.0, "sweet": 1.0, "smashing": 1.0, "improper": -1.0, "unsuccessful": -1.0, "correctitude": 1.0, "acrid": -1.0, "worthless": -1.0, "confirmatory": 1.0, "coarse": -1.0, "indifferent": -1.0, "annihilating": -1.0, "chummy": 1.0, "firm": 1.0, "sweetheart": 1.0, "champion": 1.0, "decorous": 1.0, "well-made": 1.0, "well-mannered": 1.0, "uncertain": -1.0, "wrongness": 1.0, "solid": 1.0, "straight": 1.0, "ropy": -1.0, "ill-chosen": -1.0, "healthy": 1.0, "smart": -1.0, "mordant": -1.0, "shoddy": -1.0, "debased": -1.0, "trumped-up": -1.0, "foul-mouthed": -1.0, "ungraciousness": -1.0, "fresh-cut": 1.0, "riotous": -1.0, "authenticated": 1.0, "unpromising": -1.0, "esteemed": 1.0, "sham": -1.0, "mortifying": -1.0, "verificatory": 1.0, "peachy": 1.0, "ill-fated": -1.0, "ceremonious": 1.0, "wholesome": 1.0, "timid": -1.0, "picky": 1.0, "older": 1.0, "scummy": -1.0, "well-timed": 1.0, "dissentient": -1.0, "scrofulous": -1.0, "dirty-faced": -1.0, "wounding": -1.0, "informal": -1.0, "prudish": 1.0, "impoverished": -1.0, "herculean": -1.0, "low-growing": -1.0, "cataclysmal": -1.0, "big": -1.0, "discriminatory": 1.0, "low-grade": -1.0, "high-ranking": 1.0, "formal": -1.0, "overriding": 1.0, "coarsened": -1.0, "deleterious": -1.0, "softness": 1.0, "ingratiating": 1.0, "rheumatoid": -1.0, "fake": -1.0, "disinclined": 1.0, "ill-timed": -1.0, "bruising": -1.0, "indigent": -1.0, "proficient": 1.0, "bogus": -1.0, "full-scale": 1.0, "wayward": -1.0, "intense": 1.0, "uncomplete": -1.0, "unpropitiousness": 1.0, "reduced": -1.0, "frightful": -1.0, "gram-negative": -1.0, "abusive": -1.0, "unredeemable": -1.0, "appropriate": 1.0, "piteous": -1.0, "pathologic": -1.0, "soul-destroying": -1.0, "necessitous": -1.0, "long": -1.0, "healthful": -1.0, "inept": -1.0, "forbidding": -1.0, "junior": -1.0, "groovy": 1.0, "caller": 1.0, "gratifying": 1.0, "positivism": -1.0, "worthwhile": 1.0, "raging": -1.0, "auspiciousness": 1.0, "surpassing": 1.0, "higher-ranking": 1.0, "time-honoured": 1.0, "begrimed": -1.0, "invalid": 1.0, "adjuvant": 1.0, "mock": -1.0, "tart": -1.0, "pretended": -1.0, "intensified": -1.0, "medicative": 1.0, "sanative": 1.0, "worsened": -1.0, "indecorous": -1.0, "fresh": 1.0, "imprecise": -1.0, "enjoyable": 1.0, "straightlaced": 1.0, "carious": -1.0, "dainty": 1.0, "amiss": -1.0, "anthelmintic": 1.0, "uncleanly": -1.0, "travel-soiled": -1.0, "intensive": -1.0, "obstinate": -1.0, "stable": 1.0, "redemptive": 1.0, "pleasing": -1.0, "heaven-sent": 1.0, "virtuous": 1.0, "jinxed": -1.0, "inauspiciousness": 1.0, "opportuneness": 1.0, "defamatory": -1.0, "timely": 1.0, "nethermost": -1.0, "stiff": 1.0, "world-class": 1.0, "disconfirming": -1.0, "buckram": 1.0, "tinny": -1.0, "uncomfortable": 1.0, "bloodshot": -1.0, "abominable": -1.0, "acid": -1.0, "ribald": -1.0, "bearish": -1.0, "rotten": -1.0, "unplaced": -1.0, "capital": 1.0, "self-defeating": -1.0, "evilness": -1.0, "cozy": 1.0, "uncollectible": -1.0, "resourceless": -1.0, "poverty": 1.0, "healing": 1.0, "second-rate": -1.0, "irritating": -1.0, "extreme": -1.0, "great": 1.0, "unenviable": -1.0, "technical": 1.0, "rueful": -1.0, "commendable": 1.0, "honor": -1.0, "chaste": 1.0, "limp": -1.0, "superordinate": 1.0, "incertain": -1.0, "adequacy": 1.0, "semi-formal": 1.0, "exhaustive": 1.0, "prejudicious": -1.0, "oily": -1.0, "debauched": -1.0, "denigrating": -1.0, "rich": 1.0, "inclined": 1.0, "charming": 1.0, "sore": -1.0, "unfaithful": -1.0, "tearing": -1.0, "ground-hugging": -1.0, "high": 1.0, "counterfeit": -1.0, "defective": -1.0, "flatus-relieving": 1.0, "unseasonable": -1.0, "fortunate": 1.0, "spurious": -1.0, "immoral": -1.0, "impenitent": 1.0, "fouled": -1.0, "insufficient": 1.0, "impecunious": -1.0, "realized": 1.0, "light": -1.0, "counter": -1.0, "arduous": -1.0, "highbrowed": 1.0, "repentant": 1.0, "unquestionable": 1.0, "operative": -1.0, "edematous": -1.0, "superior": 1.0, "choosy": 1.0, "winning": 1.0, "criminal": -1.0, "adequateness": 1.0, "documented": 1.0, "diabolic": -1.0, "profound": -1.0, "verifying": 1.0, "delightful": 1.0, "virulent": -1.0, "veracious": 1.0, "prizewinning": 1.0, "aggravated": -1.0, "out": -1.0, "vehement": -1.0, "asthmatic": -1.0, "honorable": 1.0, "high-performance": 1.0, "withering": -1.0, "inferiority": 1.0, "sharp-worded": -1.0, "mephistophelian": -1.0, "displeasing": -1.0, "windburned": -1.0, "organic": 1.0, "deprived": -1.0, "appropriateness": -1.0, "predominate": 1.0, "rose-cheeked": 1.0, "indisposed": -1.0, "felicitous": 1.0, "echt": 1.0, "seasonable": 1.0, "demoralised": -1.0, "quality": 1.0, "ulcerous": -1.0, "opportune": 1.0, "salutary": 1.0, "unwashed": -1.0, "lamentable": -1.0, "right-down": 1.0, "ticklish": -1.0, "scant": -1.0, "badness": 1.0, "painful": -1.0, "postgraduate": 1.0, "doomed": -1.0, "foamy": -1.0, "penitential": -1.0, "overwhelming": -1.0, "discriminating": -1.0, "irredeemable": -1.0, "false": -1.0, "thwarted": -1.0, "comfortable": 1.0, "pitiable": -1.0, "halal": 1.0, "recuperative": 1.0, "saintly": 1.0, "bastard": -1.0, "afraid": -1.0, "haywire": -1.0, "skillful": 1.0, "fictive": -1.0, "erosive": -1.0, "willful": -1.0, "fastidious": -1.0, "ruthful": -1.0, "proinflammatory": -1.0, "harmful": 1.0, "scabrous": -1.0, "cracking": 1.0, "libellous": -1.0, "expert": 1.0, "undeniable": -1.0, "reproving": -1.0, "penitent": 1.0, "foul-spoken": -1.0, "reprehensible": -1.0, "beatific": 1.0, "utter": 1.0, "rough": -1.0, "high-level": 1.0, "untimely": -1.0, "no-hit": 1.0, "hopeful": 1.0, "operational": 1.0, "smutty": -1.0, "infernal": -1.0, "inferior": -1.0, "accessary": 1.0, "familiar": 1.0, "lucky": 1.0, "cobwebby": -1.0, "acquiescent": 1.0, "shaping": 1.0, "finical": 1.0, "sure-handed": 1.0, "pollyannaish": 1.0, "untrue": -1.0, "dirty-minded": -1.0, "catastrophic": -1.0, "irrefutable": 1.0, "timeliness": 1.0, "monstrous": -1.0, "superb": 1.0, "frustrated": -1.0, "third-rate": -1.0, "pessimal": -1.0, "regretful": 1.0, "specious": -1.0, "firmness": -1.0, "middle-level": -1.0, "precious": 1.0, "sleazy": -1.0, "psychotherapeutic": 1.0, "kosher": 1.0, "insidious": -1.0, "corroborative": 1.0, "honest-to-goodness": 1.0, "wealthiness": 1.0, "inflammatory": -1.0, "low-altitude": -1.0, "respect": -1.0, "flourishing": 1.0, "decent": 1.0, "muddy": -1.0, "allover": 1.0, "validating": 1.0, "literal": 1.0, "hellish": -1.0, "upbeat": 1.0, "sore-eyed": -1.0, "penurious": -1.0, "sufficient": 1.0, "meritorious": 1.0, "crappy": -1.0, "hateful": -1.0, "corky": -1.0, "chilblained": -1.0, "fearful": -1.0, "stone-broke": -1.0, "wild": -1.0, "medicinal": 1.0, "ripe": 1.0, "respected": 1.0, "optimistic": 1.0, "well-behaved": 1.0, "dishonorableness": -1.0, "untoward": -1.0, "calamitous": -1.0, "adverse": -1.0, "duteous": 1.0, "eclectic": 1.0, "privileged": 1.0, "difficult": 1.0, "maculate": -1.0, "diacritical": 1.0, "discouraged": -1.0, "fierce": -1.0, "impeccable": 1.0, "whole": 1.0, "well": 1.0, "slap-up": 1.0, "prospering": 1.0, "realised": 1.0, "high-risk": -1.0, "all-or-none": 1.0, "accurate": 1.0, "mistaken": -1.0, "distant": -1.0, "exemplary": 1.0, "low-level": -1.0, "high-grade": 1.0, "generous": 1.0, "run-down": -1.0, "mephistophelean": -1.0, "meagerly": -1.0, "crack": 1.0, "misfortunate": -1.0, "out-of-the-way": -1.0, "letter-perfect": 1.0, "a-one": 1.0, "ample": -1.0, "flagitious": -1.0, "first-rate": 1.0, "crisp": 1.0, "drugless": 1.0, "gilt-edged": 1.0, "nonfunctional": -1.0, "appurtenant": 1.0, "sophistical": -1.0, "therapeutic": 1.0, "all-or-nothing": 1.0, "apodictic": 1.0, "rock-loving": 1.0, "corroborate": 1.0, "proper": 1.0, "supportive": 1.0, "broad": 1.0, "lean": -1.0, "appreciative": 1.0, "top-grade": 1.0, "inaccurate": -1.0, "consuming": -1.0, "worthy": -1.0, "preventative": 1.0, "actual": 1.0, "unsurpassable": 1.0, "sinister": -1.0, "self-made": 1.0, "curative": 1.0, "diabolical": -1.0, "unfavourable": -1.0, "dulcet": 1.0, "negate": 1.0, "hexed": -1.0, "dispossessed": -1.0, "improperness": 1.0, "utility": -1.0, "lowermost": -1.0, "providential": 1.0, "honorableness": -1.0, "cankerous": -1.0, "contradictory": -1.0, "poorness": 1.0, "bum": -1.0, "versatile": 1.0, "made": 1.0, "supreme": 1.0, "straight-laced": 1.0, "inadequate": -1.0, "goodness": -1.0, "admonitory": -1.0, "right-minded": 1.0, "crummy": -1.0, "boon": 1.0, "predominant": 1.0, "electronegative": -1.0, "uttermost": -1.0, "baffling": -1.0, "old-womanish": 1.0, "auxiliary": 1.0, "helminthic": 1.0, "form-only": 1.0, "gangrenous": -1.0, "villainous": -1.0, "unspeakable": -1.0}