{"horrible": -0.89, "#eurgh": -0.468, ":/": -0.374, ":(": -0.454, ":)": 0.484, "cough": -0.094, "whoever": -0.124, "ciao": 0.312, "relieve": 0.516, "ouch": -0.344, "foul": -0.812, "catch": 0.328, "ugh": -0.282, "sleep": 0.218, "#pissedoff": -0.672, "hanging": -0.156, "go": -0.016, "follow": -0.078, "revolting": -0.812, "chillin": 0.532, "children": 0.516, "forget": -0.484, "spoiled": -0.468, "dreadful": -0.64, "yummy": 0.704, "vile": -0.812, "ignorant": -0.734, "#happy": 0.906, "tweet": 0.296, "show": 0.046, "sweetest": 0.704, "young": 0.204, "send": 0.0, "yummm": 0.812, "finally": 0.266, "asking": 0.172, "wants": 0.218, "hola": 0.328, "text": 0.156, "wooooo": 0.704, "smile": 0.688, "sorry": -0.344, "enjoying": 0.75, "ergh": -0.438, "#forgiveme": -0.046, "fly": 0.172, ":o": 0.032, "#dying": -0.874, "garden": 0.718, "song": 0.188, ":d": -0.078, "#hurt": -0.812, "horror": -0.796, "rise": 0.078, "#rich": 0.578, "unfamiliar": -0.374, "anyway": 0.328, ":|": -0.062, "#justwhatineed": 0.422, "fan": 0.438, "updates": 0.156, "fam": 0.266, "telling": -0.094, "#tramps": -0.874, ":p": 0.344, "w00t": 0.672, "cool": 0.562, "school": 0.204, "#nolife": -0.672, "<33": 0.626, "mothers": 0.516, "#pitiful": -0.624, "cause": -0.094, "list": -0.046, "try": 0.156, ":]": 0.422, "#dontyouhate": -0.032, "excellence": 0.782, "#fedup": -0.656, "team": 0.032, "#rude": -0.64, "guy": 0.016, "heading": 0.016, "#getagrip": -0.828, "enjoy": 0.688, "#pointless": -0.624, "work": -0.032, "says": 0.11, "villa": 0.126, "tired": -0.218, "awake": 0.39, "tea": 0.156, "#poorly": -0.938, "bacon": 0.266, "smfh": -0.406, "#phenomenal": 0.828, "elegant": 0.75, "fabulous": 0.906, "video": 0.11, "#superfriends": 0.718, "#die": -0.86, "yayyy": 0.562, "#spectacular": 0.922, "hide": 0.11, "#losers": -0.828, "#gross": -0.812, "hate": -0.874, "boogie": 0.282, "#relaxing": 0.782, "amazzing": 0.844, "pleased": 0.704, "waiting": 0.078, "version": -0.218, "#gorgeous": 0.876, "#annoying": -0.718, "upset": -0.766, "new": 0.406, "#talent": 0.75, "public": -0.032, "told": 0.312, "stinks": -0.75, "full": 0.484, "unsure": -0.172, "#feelinggood": 0.734, "#encouraging": 0.734, "apologise": -0.032, "learn": 0.188, "shout-out": 0.266, "behaviour": -0.016, "met": 0.25, "busy": 0.156, "let": 0.422, "making": 0.234, "#liars": -0.624, "#upset": -0.688, "bullying": -0.672, "#nogood": -0.516, "wait": 0.11, "boy": 0.126, "great": 0.734, "kudos": 0.672, "yessss": 0.578, "sunnny": 0.656, "#sosad": -0.672, "inspired": 0.594, "=(": -0.5, "pics": 0.282, "eh": -0.172, "gawjuss": 0.126, "horrified": -0.75, "social": -0.046, "#goodsex": 0.796, "priceless": 0.75, "#lost": -0.328, "makes": -0.14, "headache": -0.656, "fantastic": 0.938, "shootings": -0.704, "love": 0.876, "inexactly": -0.094, "family": 0.64, "#feelsick": -0.672, "feelings": 0.594, "expect": 0.36, "marvelous": 0.828, "vip": 0.672, "wit": 0.188, "#faith": 0.704, "#broke": -0.234, "imported": -0.156, "laughable": 0.11, "horrid": -0.828, "#yuk": -0.64, "use": 0.078, "promoz": 0.406, "#unprofessional": -0.624, "working": 0.0, "lose": -0.562, "catchy": 0.484, "positive": 0.844, "visit": 0.376, "story": -0.094, "#lowlife": -0.656, "live": 0.11, "#neveragain": -0.328, "music": 0.594, "recommend": 0.468, "#studentproblems": -0.312, "tacky": -0.624, "#prestige": 0.766, "loving": 0.876, "sort": 0.266, "#education": 0.516, "sharing": 0.61, "#glamorous": 0.796, "rich": 0.218, "#dontdoit": -0.188, "afford": 0.594, "didn't": -0.312, "mad": -0.624, "#ew": -0.532, "haha": 0.406, "ooh": 0.266, "refrain": -0.266, "chocolate": 0.516, "phone": 0.046, "train": -0.032, "ain't": -0.624, "rip": -0.032, "adverts": -0.14, "#poise": 0.64, "baby": 0.312, "ok": 0.188, "striving": 0.344, "home-based": 0.36, "glad": 0.64, "#trash": -0.812, "customer": 0.25, "smh": -0.172, "#feelingsorryformyself": -0.546, "join": 0.422, "room": 0.062, "hour": -0.078, "car": 0.172, "#norespect": -0.562, "oh": 0.172, "sucks": -0.874, "tnx": 0.344, "cheating": -0.624, "#shocking": -0.312, "#majestic": 0.782, "#makesmesick": -0.812, "#skincare": 0.156, "birffday": 0.578, "following": 0.204, "meet": 0.266, "disgust": -0.734, "#jobless": -0.532, "#yuck": -0.704, "#cry": -0.468, "beautiful": 0.688, "excuses": -0.438, "sinister": -0.796, "embarrassing": -0.36, "#pleasestop": -0.374, "give": -0.046, "#ignorant": -0.782, "awesome": 0.734, "share": 0.532, "fuck": -0.578, "accept": 0.546, "boycott": -0.374, "#ripoff": -0.89, "disbelieve": -0.234, "thrilled": 0.812, "want": 0.36, "mmmmmm": 0.094, "offense": -0.266, "#helpme": -0.046, "r.i.p.": -0.75, "#fabulous'nis": 0.61, "absolute": 0.406, "needs": -0.078, "answer": 0.094, "end": -0.344, "awkward": -0.594, "#gtfo": -0.796, "watching": 0.406, "#nails": 0.032, "#growup": -0.124, "#notfunny": -0.234, "thanking": 0.782, "immune": 0.266, "amazing": 0.968, "#notgoodenough": -0.672, "disgusting": -0.844, "freshly": 0.672, "endorsement": 0.484, "interview": 0.282, "#justno": -0.782, "#angry": -0.89, "#scary": -0.766, "badly": -0.328, "#happygirl": 0.75, "okay": 0.376, "beauty": 0.828, "bday": 0.688, "watch": 0.266, "disgusted": -0.844, "pathetic": -0.86, "thankyou": 0.61, "mmm": 0.046, "birthday": 0.734, "unsurprising": -0.032, "coming": -0.016, "hahahaha": 0.484, "waste": -0.39, "spelling": 0.046, "#talented": 0.656, "unselfish": 0.36, "grow": 0.296, "man": 0.11, "short": 0.078, "#immature": -0.406, "remember": 0.14, "#selfish": -0.874, "read": 0.188, "#littlethings": 0.438, "#stillhoping": 0.438, "lost": -0.454, "anytime": 0.376, "think": 0.39, "cuteeee": 0.718, "honestly": 0.296, "pay": -0.016, "#inspirational": 0.984, "pleasure": 0.656, "#inspiring": 0.812, "playing": 0.344, "heehee": 0.532, "apreciate": 0.656, "#whoops": 0.188, "cute": 0.468, "#sorrynotsorry": -0.532, "help": 0.11, "#nasty": -0.844, "don't": -0.796, "#cruel": -0.874, "indeed": 0.532, "#gag": -0.438, "#breathtaking": 0.828, "satisfied": 0.532, "years": 0.282, "#fantastic": 0.86, "course": 0.14, "won't": -0.124, "looks": 0.296, "hell": -0.766, "smiling": 0.672, "neurotic": -0.5, "#cold": -0.282, "#leadership": 0.484, "#sweet": 0.796, "perfect": 0.766, "delay": -0.422, "#nomoney": -0.188, "#socomfy": 0.734, "disconnect": -0.5, "thank": 0.578, "#graceful": 0.844, "interesting": 0.75, "howdy": 0.61, "mortar": 0.0, ";d": -0.266, "hot": 0.266, "faves": 0.672, "actually": 0.36, "better": 0.578, "grade": 0.032, "blatant": -0.532, "#boreoff": -0.156, "ruining": -0.704, "thanx": 0.532, "#thingsyoushouldntdo": -0.532, "tweets": 0.172, "#tasteless": -0.704, ":s": -0.094, "spreading": -0.188, "haven't": -0.454, "hahah": 0.376, "dad": 0.546, "#loser": -0.734, "coffee": 0.36, "good": 0.656, "sucking": -0.594, "later": -0.032, "food": 0.188, "timestamp": -0.078, "safe": 0.562, "introduce": 0.406, "break": -0.282, "band": 0.454, "shameful": -0.61, "#based": 0.188, "#smiles": 0.688, "not": -0.704, "tragedy": -0.906, "#pig": -0.61, "realize": 0.062, "bank": 0.14, "#sorethroat": -0.516, "#juststop": -0.562, "grammar": 0.062, "name": 0.282, "pregnant": 0.14, "#horror": -0.75, "eww": -0.672, "times": -0.046, "ewwww": -0.86, "refereeing": -0.094, "#disrespectful": -0.75, "truth": 0.656, "rock": 0.11, "disapprove": -0.61, "acoustic": 0.578, "went": 0.172, "shareholder": -0.204, "luck": 0.672, "prohibit": -0.5, "smexy": 0.36, "#ungrateful": -0.672, "house": 0.11, "hard": -0.454, "yeah": 0.718, "#needy": -0.454, "#sohappy": 0.766, "#brains": 0.282, "#relaxation": 0.5, "#passion": 0.704, "year": 0.046, "th*nks": 0.438, "#getalife": -0.688, "girl": 0.562, "morning": 0.296, "apprecaite": 0.656, "#outstanding": 0.876, "#horrible": -0.812, "leave": -0.516, "huh": -0.016, "mouths": 0.032, "#mad": -0.594, "disgusts": -0.782, "miss": 0.062, "ha": 0.312, "#notwell": -0.36, "#partytime": 0.656, "#indigenous": 0.156, "#dumb": -0.516, "looking": 0.11, "mess": -0.656, "seriously": 0.156, "stuff": -0.094, "#stupid": -0.734, "nite": 0.234, "hilarious": 0.796, "got": 0.39, "fondly": 0.562, "ass": -0.406, "shut": -0.156, "#confident": 0.578, "shit": -0.75, "#boring": -0.454, "#sweetheart": 0.89, "alrighty": 0.188, "bitches": -0.984, "guess": 0.016, "free": 0.562, "pleasant": 0.782, "#filth": -0.906, "#ashamed": -0.688, "giveaway": 0.484, "#bethatway": -0.25, "put": 0.11, "teach": 0.546, "wanted": 0.422, "yummyy": 0.796, "care": 0.64, "scary": -0.296, "dammit": -0.516, "#wasteoftime": -0.718, "tweeting": 0.266, "shocking": -0.406, "#fuckoff": -0.844, "yup": 0.296, "bummer": -0.39, "ask": -0.046, "days": 0.094, "keep": 0.406, "thing": 0.126, "smartass": -0.688, "abuse": -0.968, "yum": 0.828, "hopeless": -0.64, "woooohoooo": 0.876, "misses": -0.188, "#skin": -0.094, "blush": 0.516, "cellulite": -0.64, "stimulate": 0.61, "fuckin": -0.5, "#optimistic": 0.828, "gag": -0.546, "scum": -0.718, "constantly": 0.156, "dont": -0.046, "unfollowed": -0.25, "feel": 0.188, "question": 0.188, "embarrassed": -0.266, "wash": 0.126, "featured": 0.188, "done": 0.094, "lol": 0.25, "hang": -0.36, "#notmyfault": -0.36, "vote": 0.516, "art": 0.516, "message": 0.282, "hehe": 0.188, "nonrandom": 0.016, "doesn't": -0.594, "little": 0.094, "long": 0.11, "sadly": -0.266, "coooool": 0.454, "start": 0.172, "guys": 0.126, "top": 0.328, "girls": 0.312, "#dirty": -0.796, "#cheat": -0.562, "needed": 0.032, "fml": -0.468, "wonderful": 0.844, "#broken": -0.718, "rockin": 0.546, "kewl": 0.594, "#letdown": -0.672, "turnovers": -0.156, "#lonely": -0.672, "friend": 0.484, "#giveaway": 0.204, "lot": 0.062, "relationship": 0.36, "#rantover": -0.218, "hun": 0.438, "nobody": -0.25, "park": 0.062, "#hater": -0.782, "depressing": -0.766, "ridiculous": -0.454, "refund": 0.046, "rain": -0.046, "probably": 0.218, "sign": 0.078, "appreciated": 0.704, "lovee": 0.844, "loved": 0.86, "#love": 0.876, "#inspire": 0.86, "lmao": 0.656, "ew": -0.296, "#disturbing": -0.906, "yayyyy": 0.75, "#unique": 0.36, "gotta": 0.14, "mother's": 0.328, "#inspired": 0.89, "see": 0.188, "bed": 0.312, "project": 0.11, "tummy": 0.094, "#flu": -0.61, "loves": 0.984, "#sophisticated": 0.86, "feeling": 0.032, "bet": 0.11, "#fab": 0.812, "outta": -0.062, "#slacking": -0.39, "appreciate": 0.688, "gotcha": -0.046, "head": -0.14, "#depressed": -0.828, "sad": -0.562, "tonight": -0.11, "#cough": -0.39, "say": -0.016, "dislike": -0.484, "#fat": -0.39, "defending": 0.062, "disturbing": -0.922, "#style": 0.204, "seen": 0.094, "#focused": 0.532, "saw": 0.172, "clearly": 0.516, "#tramp": -0.766, "sell": -0.218, "ballerina": 0.282, "bastard": -0.812, "#oops": -0.546, "#disgusted": -0.938, "congrats": 0.688, "nighty": 0.296, "self": 0.156, "unwrap": -0.266, "rotten": -0.734, "unhook": 0.062, "elegance": 0.734, "terrific": 0.656, "recommended": 0.484, "breeze": 0.438, "unnecessarily": -0.204, "amusing": 0.656, "#cringe": -0.546, "#innovation": 0.454, "#inaperfectworld": 0.344, ";-)": 0.672, "gutted": -0.64, "play": 0.672, "sure": 0.422, "#kind": 0.734, "quote": 0.126, "ramblings": -0.266, "#wasteofspace": -0.734, "#motivated": 0.718, "mouth": -0.078, "plan": 0.126, "#vomit": -0.766, "nothing": -0.562, "#noticemepls": -0.078, "class": 0.266, "woooo": 0.672, "death": -0.938, "#smelly": -0.704, "#mess": -0.5, "expert": 0.234, "scariest": -0.516, "unmade": -0.39, "sometimes": 0.094, "teehee": 0.328, "lie": -0.688, "face": 0.468, "#petpeeve": -0.374, "points": 0.126, "sunset": 0.25, "talk": 0.078, "#awesome": 0.812, "link": 0.25, "entertaining": 0.516, "wine": 0.422, "#horrendous": -0.89, "#relaxed": 0.546, "saying": 0.094, "despise": -0.89, "g'morning": 0.656, "shot": -0.516, "#sortitout": 0.016, "#needcuddles": 0.11, "cheat": -0.782, "lmaoo": 0.546, "#heartless": -0.938, "#jan1st": 0.344, "#unhappy": -0.578, "wasted": -0.484, "#idiot": -0.704, "d:": -0.172, "#babealert": 0.5, "rough": -0.218, "fine": 0.626, "enjoyed": 0.906, "feedback": 0.016, "aint": -0.562, "inspiring": 0.75, "woot": 0.688, "#coward": -0.61, "#wimp": -0.578, "explain": -0.188, "dick": -0.546, "#sick": -0.562, "fans": 0.438, "unhappy": -0.532, "failed": -0.688, "unable": -0.578, "black": -0.328, "pretty": 0.766, "photo": -0.046, "#middleclass": 0.062, "ex": -0.5, "hope": 0.734, "wearing": -0.218, "#wtf": -0.532, "gone": -0.344, "goooodnight": 0.656, "get": 0.454, "goodluck": 0.844, "impersonal": -0.25, "banned": -0.718, "endorsements": 0.39, "sunny": 0.688, "unfair": -0.282, "#disgrace": -0.812, "media": -0.344, "perfection": 0.89, "wedding": 0.594, "#creepy": -0.75, "nasty": -0.688, "#everyonelikesitbutme": -0.124, "#happytweet": 0.938, "nearly": 0.016, "unfortunately": -0.468, "#insidious": -0.672, "rude": -0.64, "#no": -0.422, "nicely": 0.626, "cry": -0.5, "teams": -0.016, "remove": 0.046, "tuned": 0.312, ":'(": -0.562, ":')": 0.218, "bad": -0.5, "re-tweets": 0.204, "fuzzball": -0.188, "#grumpy": -0.516, "recommendations": 0.25, "bought": 0.328, "cringe": -0.718, "bother": -0.39, "thanks": 0.468, "#theworst": -0.89, "asked": 0.188, "inventive": 0.376, "yeyy": 0.626, "#hate": -0.86, "#killyourself": -0.968, "govt": -0.25, "catchya": 0.204, "#ffoe": -0.25, "#peaceful": 0.968, "beg": -0.204, "unmoved": -0.454, "goodnight": 0.422, "defense": -0.234, "dumb": -0.532, "#notgood": -0.594, "desperate": -0.578, "horrendous": -0.89, "apologies": 0.078, "close": -0.14, "cold": -0.594, "best": 0.812, "wonder": 0.516, "#fuckup": -0.938, "said": -0.188, "#celebrity": 0.344, "#bored": -0.516, "luv": 0.812, "#scumbag": -0.968, "lots": 0.36, "movie": 0.188, "wow": 0.734, "#annoyed": -0.5, "please": 0.422, "superb": 0.812, "#classless": -0.454, "woo": 0.578, "won": 0.626, "cooperation": 0.626, "refreshed": 0.422, "#incredible": 0.844, "#gotit": 0.454, "reading": 0.39, "disrespect": -0.562, "email": -0.032, "compliment": 0.656, "watchin": 0.344, "#idiots": -0.734, "bummed": -0.546, "home-cooked": 0.516, "never": -0.5, "omg": 0.282, "thankyouuu": 0.532, "missing": -0.282, "dividends": 0.032, "attention": 0.126, "yumm": 0.516, "#liar": -0.75, "guitar": 0.218, "embarrassment": -0.734, "job": 0.14, "sacked": -0.39, "awards": 0.546, "wear": 0.078, "hurts": -0.64, "fat": -0.734, "#useless": -0.844, "come": 0.016, "sleazy": -0.86, "hours": -0.296, "last": -0.078, "post": 0.016, "useless": -0.796, "#horrid": -0.954, "joke": 0.36, "ill": -0.672, "botch": -0.484, "#canthelpit": -0.312, "comment": -0.062, "#help": -0.11, "#notsorry": -0.484, "assure": 0.422, "#ugh": -0.328, "smilin": 0.688, "reply": 0.328, "approve": 0.734, "thnx": 0.39, "can't": -0.766, "yaay": 0.766, "liked": 0.876, "gooood": 0.718, "reject": -0.922, "point": 0.126, "#needajob": -0.422, "sweet": 0.782, "#cheap": -0.484, "whatever": -0.124, "cd": 0.11, "#itsnotokayto": -0.422, "subscribe": 0.204, "laugh": 0.734, "respect": 0.688, "writing": 0.14, "gratitude": 0.672, "poem": 0.156, "worthless": -0.688, "yay": 0.516, "#skint": -0.124, "g'nite": 0.468, "dazzling": 0.688, "#myweakness": -0.406, "breath": 0.172, "whoo": 0.344, "#selfmadesavagez": -0.156, "judging": -0.484, "lovely": 0.828, "#crying": -0.688, "woke": 0.438, "excitedddd": 0.656, "life": 0.204, "chai": 0.204, "shopping": 0.094, "innocent": 0.39, "relaxing": 0.812, "#whatajoke": -0.5, "#slut": -0.782, "sunshine": 0.796, "#tragic": -0.874, "photos": 0.234, "finished": -0.124, "kids": 0.282, "lives": 0.422, "-.-": 0.0, "#embarrassing": -0.782, "child": 0.578, "brightening": 0.532, "#inspiration": 0.844, "fucking": -0.39, "#needalife": -0.234, "#hellno": -0.61, "#dreamy": 0.672, "#hateit": -0.734, "#spoiled": -0.438, "gracias": 0.718, "surrender": -0.11, "look": 0.39, "#smashing": 0.25, "worried": -0.328, "budget": -0.188, "heya": 0.156, "#nojob": -0.312, "ugly": -0.828, "#disappointed": -0.578, "#sickening": -0.86, "#lovely": 0.75, "hahaha": 0.61, "fun": 0.766, "rhymed": 0.188, "#partyon": 0.704, "precede": 0.188, "coolest": 0.672, "real": 0.172, "congratulation": 0.89, "<3": 0.532, "find": 0.188, "#heartbroken": -0.718, "#eww": -0.484, "site": -0.14, "encouragement": 0.812, "#fake": -0.234, "need": 0.032, "cant": 0.312, "evening": 0.204, "late": -0.312, "ready": 0.516, "victims": -0.766, "#spew": -0.468, "#glorious": 0.876, "breakfast": 0.406, "#needmoney": -0.578, "#shame": -0.766, "grown": 0.282, "funny": 0.626, "#cosmetics": 0.11, "ignored": -0.484, "yo": -0.046, "things": 0.094, "make": 0.062, "ashamed": -0.874, "stunk": -0.438, "amount": 0.126, "#hardwork": 0.156, "yahooo": 0.812, "followers": 0.188, "#makeup": 0.626, "#stop": -0.454, "texting": -0.046, "party": 0.688, "argh": -0.344, "day": -0.094, "killed": -0.922, "week": 0.11, "used": -0.032, "#stressed": -0.61, "damn": -0.656, "#depressing": -0.938, "unready": -0.11, "#happiness": 0.876, "taxes": -0.062, "weee": 0.594, "cheers": 0.626, "heartbroken": -0.562, "moment": 0.5, "#angel": 0.718, "awful": -0.594, "#thebest": 0.89, "#refreshing": 0.672, "totally": 0.688, "pleasantly": 0.484, "broke": -0.594, "#sucks": -0.89, "awesomeness": 0.906, "unattractive": -0.484, "#needsleep": -0.204, "thx": 0.546, "#whore": -0.86, "whole": 0.454, "well": 0.468, "fever": -0.454, "obviously": 0.204, "thought": 0.266, "person": 0.312, "cheer": 0.75, "hearty": 0.532, "#glamour": 0.766, "deserve": 0.25, "#entertainment": 0.484, "fail": -0.734, "#luxury": 0.516, "loveeee": 0.796, "left": -0.062, "summer": 0.688, "morons": -0.656, "disloyal": -0.422, "listening": 0.062, "scarred": -0.532, "#failure": -0.968, "ya": 0.11, "money": 0.36, "unfollow": -0.234, "half": -0.062, "muahahah": 0.188, "yey": 0.532, "quotes": 0.046, "#bravo": 0.828, "kill": -0.968, "greetings": 0.64, "human": 0.484, "using": -0.062, "yep": 0.344, "yes": 0.5, "#getoverit": -0.39, "#hideous": -0.75, "thinking": 0.344, "yaaay": 0.672, "surprises": 0.39, "#lovelife": 0.64, "#cretin": -0.828, "shhh": -0.062, "blog": 0.062, "depressed": -0.704, "add": 0.282, "book": 0.062, "#stunning": 0.812, "dreams": 0.468, "easy": 0.812, "excited": 0.64, "hates": -0.812, "take": -0.062, "(:": 0.406, "thankies": 0.438, "#rant": -0.594, "fucked": -0.656, "sick": -0.718, "#rare": -0.016, "hehehe": 0.484, "big": 0.0, "#grim": -0.422, "gonna": 0.032, "lovin": 0.656, "early": 0.172, "possibly": 0.296, "game": 0.094, "discreet": 0.172, "bitch": -0.782, "know": 0.0, "mom": 0.454, "wanting": -0.016, "hehehehe": 0.626, "world": 0.078, "bit": 0.062, "unique": 0.562, "disappointed": -0.688, "grin": 0.672, "sensational": 0.844, "#noexcuse": -0.36, "#ugly": -0.828, "#helpless": -0.594, "helpful": 0.876, "-_-": 0.062, "everytime": 0.094, "ignore": -0.25, "distrust": -0.39, "continue": 0.204, "dirty": -0.578, "terrible": -0.704, "night": 0.156, "mediocrity": -0.36, "#outofshape": -0.282, "works": -0.14, "trying": 0.078, "replacement": -0.046, "cancelled": -0.406, "right": 0.39, "honored": 0.704, "couldn't": 0.234, "people": 0.312, "absolutely": 0.688, "fake": -0.454, "magnificent": 0.844, "ewww": -0.734, "calling": 0.094, "hair": 0.188, "#nopoint": -0.484, "despair": -0.86, "#frustrated": -0.828, "#pain": -0.672, "recommendation": 0.468, "proper": 0.39, "home": 0.25, "thinks": 0.062, "#mybad": -0.484, "humor": 0.454, "#tips": 0.204, "phenomenal": 0.922, "decision": 0.14, ":-d": -0.156, "moon": 0.062, "wrong": -0.454, "aww": 0.454, "woohoo": 0.796, "#dumbass": -0.906, "adorable": 0.704, "jumpy": -0.282, "peek": 0.234, "#twofaced": -0.672, "eating": 0.532, "business": -0.266, "quit": -0.734, "lmfao": 0.188, "goooood": 0.812, "#majorturnoffs": -0.36, "disrespectful": -0.828, "empty": -0.39, "#goaway": -0.624, "broken": -0.718, "murdered": -0.938, "immature": -0.562, "found": 0.188, "losing": -0.546, "ache": -0.61, ";)": 0.312, "exciting": 0.734, "throw": -0.11, "officiating": -0.094, "#disgusting": -0.86, "giggle": 0.61, ":-)": 0.5, "#rolemodel": 0.36, "getting": 0.36, "#ridiculous": -0.468, "certainty": 0.454, "#bum": -0.546, "favorite": 0.75, "#headache": -0.5, "#disappointment": -0.984, "drama": -0.282, "#everclear": 0.438, "dinner": 0.188, "swear": -0.328, "#desperate": -0.562, "afternoon": 0.328, "stoked": 0.594, "act": -0.016, "#goodvibes": 0.796, "hatred": -0.874, "mean": -0.688, "wanna": 0.266, "silence": -0.328, "kinda": 0.032, "malfunction": -0.532, "):": -0.296, "dude": 0.094, "#fierce": -0.032, "crying": -0.61, "ppl": -0.078, "stop": 0.0, "weather": 0.172, "smelly": -0.422, "female": 0.188, "apologize": 0.218, "old": -0.11, "liar": -0.718, "nowadays": 0.234, "#lostcause": -0.562, "g'night": 0.438, "hideous": -0.75, "impressed": 0.812, "#good'night": 0.656, "heheh": 0.234, "#marryme": 0.812, "weekend": 0.484, "support": 0.672, "#flawless": 0.828, "xoxo": 0.718, "hey": 0.296, "twitterverse": 0.39, "filthy": -0.796, "#smh": -0.25, "hee": 0.484, "lonely": -0.234, "low": -0.188, "way": 0.172, "worst": -0.718, "appriciate": 0.86, "call": 0.204, "bored": -0.156, "heh": 0.14, "happy": 0.734, "#putrid": -0.828, "uncomplaining": 0.328, "yays": 0.594, "recommends": 0.328, "#feellikeshit": -0.89, "abysmal": -0.704, "enough": -0.016, "yayy": 0.688, "excerpt": 0.204, "relaxed": 0.688, "gorgeous": 0.876, "sore": -0.454, "idea": 0.25, "hear": 0.454, "#unwanted": -0.5, "beat": -0.266, "promote": 0.532, "eat": 0.234, "posted": -0.032, "coool": 0.532, "congratulations": 0.812, "made": 0.14, "#repulsive": -0.75, "#scum": -0.828, "wish": 0.578, "sounds": 0.016, "hasn't": 0.328, "tell": 0.282, "flirt": 0.484, "books": 0.156, "bbq": 0.188, "acting": 0.046, "#greatness": 0.954, "#weak": -0.64, "piece": 0.0, "agree": 0.438, "#magical": 0.782, "topmodel": 0.5, "heey": 0.046, "disgrace": -0.812, "videos": 0.062, "introducing": 0.032, "#lazy": -0.75, "pic": 0.218, "#fail": -0.594, "imperfection": -0.374, "beachbody": 0.266, "#grimey": -0.766, "#tired": -0.218, "chat": 0.062, "females": 0.188, "#notokay": -0.906, "appalling": -0.782, "check": 0.172, "worse": -0.454, "unacceptable": -0.922, "#wrong": -0.438, "selfish": -0.468, "maybe": -0.124, "#sassy": 0.172, "#handsome": 0.578, "dying": -0.844, "no": -0.766, "yeay": 0.546, "#disappointing": -0.86, "peace": 0.546, "offensive": -0.624, "horrific": -0.796, "#buttrue": 0.11, "website": -0.124, "grammatical": 0.046, "interested": 0.484, "#student": 0.188, "#poverty": -0.704, "dematerialize": -0.39, "np": 0.188, "woeful": -0.438, "#dissapointed": -0.766, "#feelshit": -0.656, "nice": 0.718, "poor": -0.546, "smiles": 0.734, "xxx": 0.078, "star": 0.438, "brothers": 0.218, "disgraceful": -0.906, "woho": 0.626, "welcome": 0.484, "clear-thinking": 0.532, "stay": 0.266, "push": 0.126, "#disgraceful": -0.812, "lunch": 0.266, "serious": 0.094, "included": 0.25, "#fitness": 0.61, "hurt": -0.374, "friends": 0.578, "died": -0.906, "missed": -0.156, "gooooood": 0.75, "apology": 0.0, "excuse": -0.046, "#pieceofshit": -0.954, "age": -0.094, "hi-5": 0.75, "amused": 0.64, "#scared": -0.844, "#affirmation": 0.266, "scare": -0.484, "time": 0.078, "alright": 0.312, "fresh": 0.61, "#confused": -0.562, "#slag": -0.578, "boutique": 0.296, "songs": 0.438}