{"horrible": -1, "#eurgh": -1, ":/": -1, ":(": -1, ":)": 1, "cough": -1, "whoever": -1, "ciao": 1, "relieve": 1, "ouch": -1, "foul": -1, "catch": 1, "ugh": -1, "sleep": 1, "#pissedoff": -1, "hanging": -1, "go": -1, "follow": -1, "revolting": -1, "chillin": 1, "children": 1, "forget": -1, "spoiled": -1, "dreadful": -1, "yummy": 1, "vile": -1, "ignorant": -1, "#happy": 1, "tweet": 1, "show": 1, "sweetest": 1, "young": 1, "send": 1, "yummm": 1, "finally": 1, "asking": 1, "wants": 1, "hola": 1, "text": 1, "wooooo": 1, "smile": 1, "sorry": -1, "enjoying": 1, "ergh": -1, "#forgiveme": -1, "fly": 1, ":o": 1, "#dying": -1, "garden": 1, "song": 1, ":d": -1, "#hurt": -1, "horror": -1, "rise": 1, "#rich": 1, "unfamiliar": -1, "anyway": 1, ":|": -1, "#justwhatineed": 1, "fan": 1, "updates": 1, "fam": 1, "telling": -1, "#tramps": -1, ":p": 1, "w00t": 1, "cool": 1, "school": 1, "#nolife": -1, "<33": 1, "mothers": 1, "#pitiful": -1, "cause": -1, "list": -1, "try": 1, ":]": 1, "#dontyouhate": -1, "excellence": 1, "#fedup": -1, "team": 1, "#rude": -1, "guy": 1, "heading": 1, "#getagrip": -1, "enjoy": 1, "#pointless": -1, "work": -1, "says": 1, "villa": 1, "tired": -1, "awake": 1, "tea": 1, "#poorly": -1, "bacon": 1, "smfh": -1, "#phenomenal": 1, "elegant": 1, "fabulous": 1, "video": 1, "#superfriends": 1, "#die": -1, "yayyy": 1, "#spectacular": 1, "hide": 1, "#losers": -1, "#gross": -1, "hate": -1, "boogie": 1, "#relaxing": 1, "amazzing": 1, "pleased": 1, "waiting": 1, "version": -1, "#gorgeous": 1, "#annoying": -1, "upset": -1, "new": 1, "#talent": 1, "public": -1, "told": 1, "stinks": -1, "full": 1, "unsure": -1, "#feelinggood": 1, "#encouraging": 1, "apologise": -1, "learn": 1, "shout-out": 1, "behaviour": -1, "met": 1, "busy": 1, "let": 1, "making": 1, "#liars": -1, "#upset": -1, "bullying": -1, "#nogood": -1, "wait": 1, "boy": 1, "great": 1, "kudos": 1, "yessss": 1, "sunnny": 1, "#sosad": -1, "inspired": 1, "=(": -1, "pics": 1, "eh": -1, "gawjuss": 1, "horrified": -1, "social": -1, "#goodsex": 1, "priceless": 1, "#lost": -1, "makes": -1, "headache": -1, "fantastic": 1, "shootings": -1, "love": 1, "inexactly": -1, "family": 1, "#feelsick": -1, "feelings": 1, "expect": 1, "marvelous": 1, "vip": 1, "wit": 1, "#faith": 1, "#broke": -1, "imported": -1, "laughable": 1, "horrid": -1, "#yuk": -1, "use": 1, "promoz": 1, "#unprofessional": -1, "working": 1, "lose": -1, "catchy": 1, "positive": 1, "visit": 1, "story": -1, "#lowlife": -1, "live": 1, "#neveragain": -1, "music": 1, "recommend": 1, "#studentproblems": -1, "tacky": -1, "#prestige": 1, "loving": 1, "sort": 1, "#education": 1, "sharing": 1, "#glamorous": 1, "rich": 1, "#dontdoit": -1, "afford": 1, "didn't": -1, "mad": -1, "#ew": -1, "haha": 1, "ooh": 1, "refrain": -1, "chocolate": 1, "phone": 1, "train": -1, "ain't": -1, "rip": -1, "adverts": -1, "#poise": 1, "baby": 1, "ok": 1, "striving": 1, "home-based": 1, "glad": 1, "#trash": -1, "customer": 1, "smh": -1, "#feelingsorryformyself": -1, "join": 1, "room": 1, "hour": -1, "car": 1, "#norespect": -1, "oh": 1, "sucks": -1, "tnx": 1, "cheating": -1, "#shocking": -1, "#majestic": 1, "#makesmesick": -1, "#skincare": 1, "birffday": 1, "following": 1, "meet": 1, "disgust": -1, "#jobless": -1, "#yuck": -1, "#cry": -1, "beautiful": 1, "excuses": -1, "sinister": -1, "embarrassing": -1, "#pleasestop": -1, "give": -1, "#ignorant": -1, "awesome": 1, "share": 1, "fuck": -1, "accept": 1, "boycott": -1, "#ripoff": -1, "disbelieve": -1, "thrilled": 1, "want": 1, "mmmmmm": 1, "offense": -1, "#helpme": -1, "r.i.p.": -1, "#fabulous'nis": 1, "absolute": 1, "needs": -1, "answer": 1, "end": -1, "awkward": -1, "#gtfo": -1, "watching": 1, "#nails": 1, "#growup": -1, "#notfunny": -1, "thanking": 1, "immune": 1, "amazing": 1, "#notgoodenough": -1, "disgusting": -1, "freshly": 1, "endorsement": 1, "interview": 1, "#justno": -1, "#angry": -1, "#scary": -1, "badly": -1, "#happygirl": 1, "okay": 1, "beauty": 1, "bday": 1, "watch": 1, "disgusted": -1, "pathetic": -1, "thankyou": 1, "mmm": 1, "birthday": 1, "unsurprising": -1, "coming": -1, "hahahaha": 1, "waste": -1, "spelling": 1, "#talented": 1, "unselfish": 1, "grow": 1, "man": 1, "short": 1, "#immature": -1, "remember": 1, "#selfish": -1, "read": 1, "#littlethings": 1, "#stillhoping": 1, "lost": -1, "anytime": 1, "think": 1, "cuteeee": 1, "honestly": 1, "pay": -1, "#inspirational": 1, "pleasure": 1, "#inspiring": 1, "playing": 1, "heehee": 1, "apreciate": 1, "#whoops": 1, "cute": 1, "#sorrynotsorry": -1, "help": 1, "#nasty": -1, "don't": -1, "#cruel": -1, "indeed": 1, "#gag": -1, "#breathtaking": 1, "satisfied": 1, "years": 1, "#fantastic": 1, "course": 1, "won't": -1, "looks": 1, "hell": -1, "smiling": 1, "neurotic": -1, "#cold": -1, "#leadership": 1, "#sweet": 1, "perfect": 1, "delay": -1, "#nomoney": -1, "#socomfy": 1, "disconnect": -1, "thank": 1, "#graceful": 1, "interesting": 1, "howdy": 1, "mortar": 1, ";d": -1, "hot": 1, "faves": 1, "actually": 1, "better": 1, "grade": 1, "blatant": -1, "#boreoff": -1, "ruining": -1, "thanx": 1, "#thingsyoushouldntdo": -1, "tweets": 1, "#tasteless": -1, ":s": -1, "spreading": -1, "haven't": -1, "hahah": 1, "dad": 1, "#loser": -1, "coffee": 1, "good": 1, "sucking": -1, "later": -1, "food": 1, "timestamp": -1, "safe": 1, "introduce": 1, "break": -1, "band": 1, "shameful": -1, "#based": 1, "#smiles": 1, "not": -1, "tragedy": -1, "#pig": -1, "realize": 1, "bank": 1, "#sorethroat": -1, "#juststop": -1, "grammar": 1, "name": 1, "pregnant": 1, "#horror": -1, "eww": -1, "times": -1, "ewwww": -1, "refereeing": -1, "#disrespectful": -1, "truth": 1, "rock": 1, "disapprove": -1, "acoustic": 1, "went": 1, "shareholder": -1, "luck": 1, "prohibit": -1, "smexy": 1, "#ungrateful": -1, "house": 1, "hard": -1, "yeah": 1, "#needy": -1, "#sohappy": 1, "#brains": 1, "#relaxation": 1, "#passion": 1, "year": 1, "th*nks": 1, "#getalife": -1, "girl": 1, "morning": 1, "apprecaite": 1, "#outstanding": 1, "#horrible": -1, "leave": -1, "huh": -1, "mouths": 1, "#mad": -1, "disgusts": -1, "miss": 1, "ha": 1, "#notwell": -1, "#partytime": 1, "#indigenous": 1, "#dumb": -1, "looking": 1, "mess": -1, "seriously": 1, "stuff": -1, "#stupid": -1, "nite": 1, "hilarious": 1, "got": 1, "fondly": 1, "ass": -1, "shut": -1, "#confident": 1, "shit": -1, "#boring": -1, "#sweetheart": 1, "alrighty": 1, "bitches": -1, "guess": 1, "free": 1, "pleasant": 1, "#filth": -1, "#ashamed": -1, "giveaway": 1, "#bethatway": -1, "put": 1, "teach": 1, "wanted": 1, "yummyy": 1, "care": 1, "scary": -1, "dammit": -1, "#wasteoftime": -1, "tweeting": 1, "shocking": -1, "#fuckoff": -1, "yup": 1, "bummer": -1, "ask": -1, "days": 1, "keep": 1, "thing": 1, "smartass": -1, "abuse": -1, "yum": 1, "hopeless": -1, "woooohoooo": 1, "misses": -1, "#skin": -1, "blush": 1, "cellulite": -1, "stimulate": 1, "fuckin": -1, "#optimistic": 1, "gag": -1, "scum": -1, "constantly": 1, "dont": -1, "unfollowed": -1, "feel": 1, "question": 1, "embarrassed": -1, "wash": 1, "featured": 1, "done": 1, "lol": 1, "hang": -1, "#notmyfault": -1, "vote": 1, "art": 1, "message": 1, "hehe": 1, "nonrandom": 1, "doesn't": -1, "little": 1, "long": 1, "sadly": -1, "coooool": 1, "start": 1, "guys": 1, "top": 1, "girls": 1, "#dirty": -1, "#cheat": -1, "needed": 1, "fml": -1, "wonderful": 1, "#broken": -1, "rockin": 1, "kewl": 1, "#letdown": -1, "turnovers": -1, "#lonely": -1, "friend": 1, "#giveaway": 1, "lot": 1, "relationship": 1, "#rantover": -1, "hun": 1, "nobody": -1, "park": 1, "#hater": -1, "depressing": -1, "ridiculous": -1, "refund": 1, "rain": -1, "probably": 1, "sign": 1, "appreciated": 1, "lovee": 1, "loved": 1, "#love": 1, "#inspire": 1, "lmao": 1, "ew": -1, "#disturbing": -1, "yayyyy": 1, "#unique": 1, "gotta": 1, "mother's": 1, "#inspired": 1, "see": 1, "bed": 1, "project": 1, "tummy": 1, "#flu": -1, "loves": 1, "#sophisticated": 1, "feeling": 1, "bet": 1, "#fab": 1, "outta": -1, "#slacking": -1, "appreciate": 1, "gotcha": -1, "head": -1, "#depressed": -1, "sad": -1, "tonight": -1, "#cough": -1, "say": -1, "dislike": -1, "#fat": -1, "defending": 1, "disturbing": -1, "#style": 1, "seen": 1, "#focused": 1, "saw": 1, "clearly": 1, "#tramp": -1, "sell": -1, "ballerina": 1, "bastard": -1, "#oops": -1, "#disgusted": -1, "congrats": 1, "nighty": 1, "self": 1, "unwrap": -1, "rotten": -1, "unhook": 1, "elegance": 1, "terrific": 1, "recommended": 1, "breeze": 1, "unnecessarily": -1, "amusing": 1, "#cringe": -1, "#innovation": 1, "#inaperfectworld": 1, ";-)": 1, "gutted": -1, "play": 1, "sure": 1, "#kind": 1, "quote": 1, "ramblings": -1, "#wasteofspace": -1, "#motivated": 1, "mouth": -1, "plan": 1, "#vomit": -1, "nothing": -1, "#noticemepls": -1, "class": 1, "woooo": 1, "death": -1, "#smelly": -1, "#mess": -1, "expert": 1, "scariest": -1, "unmade": -1, "sometimes": 1, "teehee": 1, "lie": -1, "face": 1, "#petpeeve": -1, "points": 1, "sunset": 1, "talk": 1, "#awesome": 1, "link": 1, "entertaining": 1, "wine": 1, "#horrendous": -1, "#relaxed": 1, "saying": 1, "despise": -1, "g'morning": 1, "shot": -1, "#sortitout": 1, "#needcuddles": 1, "cheat": -1, "lmaoo": 1, "#heartless": -1, "#jan1st": 1, "#unhappy": -1, "wasted": -1, "#idiot": -1, "d:": -1, "#babealert": 1, "rough": -1, "fine": 1, "enjoyed": 1, "feedback": 1, "aint": -1, "inspiring": 1, "woot": 1, "#coward": -1, "#wimp": -1, "explain": -1, "dick": -1, "#sick": -1, "fans": 1, "unhappy": -1, "failed": -1, "unable": -1, "black": -1, "pretty": 1, "photo": -1, "#middleclass": 1, "ex": -1, "hope": 1, "wearing": -1, "#wtf": -1, "gone": -1, "goooodnight": 1, "get": 1, "goodluck": 1, "impersonal": -1, "banned": -1, "endorsements": 1, "sunny": 1, "unfair": -1, "#disgrace": -1, "media": -1, "perfection": 1, "wedding": 1, "#creepy": -1, "nasty": -1, "#everyonelikesitbutme": -1, "#happytweet": 1, "nearly": 1, "unfortunately": -1, "#insidious": -1, "rude": -1, "#no": -1, "nicely": 1, "cry": -1, "teams": -1, "remove": 1, "tuned": 1, ":'(": -1, ":')": 1, "bad": -1, "re-tweets": 1, "fuzzball": -1, "#grumpy": -1, "recommendations": 1, "bought": 1, "cringe": -1, "bother": -1, "thanks": 1, "#theworst": -1, "asked": 1, "inventive": 1, "yeyy": 1, "#hate": -1, "#killyourself": -1, "govt": -1, "catchya": 1, "#ffoe": -1, "#peaceful": 1, "beg": -1, "unmoved": -1, "goodnight": 1, "defense": -1, "dumb": -1, "#notgood": -1, "desperate": -1, "horrendous": -1, "apologies": 1, "close": -1, "cold": -1, "best": 1, "wonder": 1, "#fuckup": -1, "said": -1, "#celebrity": 1, "#bored": -1, "luv": 1, "#scumbag": -1, "lots": 1, "movie": 1, "wow": 1, "#annoyed": -1, "please": 1, "superb": 1, "#classless": -1, "woo": 1, "won": 1, "cooperation": 1, "refreshed": 1, "#incredible": 1, "#gotit": 1, "reading": 1, "disrespect": -1, "email": -1, "compliment": 1, "watchin": 1, "#idiots": -1, "bummed": -1, "home-cooked": 1, "never": -1, "omg": 1, "thankyouuu": 1, "missing": -1, "dividends": 1, "attention": 1, "yumm": 1, "#liar": -1, "guitar": 1, "embarrassment": -1, "job": 1, "sacked": -1, "awards": 1, "wear": 1, "hurts": -1, "fat": -1, "#useless": -1, "come": 1, "sleazy": -1, "hours": -1, "last": -1, "post": 1, "useless": -1, "#horrid": -1, "joke": 1, "ill": -1, "botch": -1, "#canthelpit": -1, "comment": -1, "#help": -1, "#notsorry": -1, "assure": 1, "#ugh": -1, "smilin": 1, "reply": 1, "approve": 1, "thnx": 1, "can't": -1, "yaay": 1, "liked": 1, "gooood": 1, "reject": -1, "point": 1, "#needajob": -1, "sweet": 1, "#cheap": -1, "whatever": -1, "cd": 1, "#itsnotokayto": -1, "subscribe": 1, "laugh": 1, "respect": 1, "writing": 1, "gratitude": 1, "poem": 1, "worthless": -1, "yay": 1, "#skint": -1, "g'nite": 1, "dazzling": 1, "#myweakness": -1, "breath": 1, "whoo": 1, "#selfmadesavagez": -1, "judging": -1, "lovely": 1, "#crying": -1, "woke": 1, "excitedddd": 1, "life": 1, "chai": 1, "shopping": 1, "innocent": 1, "relaxing": 1, "#whatajoke": -1, "#slut": -1, "sunshine": 1, "#tragic": -1, "photos": 1, "finished": -1, "kids": 1, "lives": 1, "-.-": 1, "#embarrassing": -1, "child": 1, "brightening": 1, "#inspiration": 1, "fucking": -1, "#needalife": -1, "#hellno": -1, "#dreamy": 1, "#hateit": -1, "#spoiled": -1, "gracias": 1, "surrender": -1, "look": 1, "#smashing": 1, "worried": -1, "budget": -1, "heya": 1, "#nojob": -1, "ugly": -1, "#disappointed": -1, "#sickening": -1, "#lovely": 1, "hahaha": 1, "fun": 1, "rhymed": 1, "#partyon": 1, "precede": 1, "coolest": 1, "real": 1, "congratulation": 1, "<3": 1, "find": 1, "#heartbroken": -1, "#eww": -1, "site": -1, "encouragement": 1, "#fake": -1, "need": 1, "cant": 1, "evening": 1, "late": -1, "ready": 1, "victims": -1, "#spew": -1, "#glorious": 1, "breakfast": 1, "#needmoney": -1, "#shame": -1, "grown": 1, "funny": 1, "#cosmetics": 1, "ignored": -1, "yo": -1, "things": 1, "make": 1, "ashamed": -1, "stunk": -1, "amount": 1, "#hardwork": 1, "yahooo": 1, "followers": 1, "#makeup": 1, "#stop": -1, "texting": -1, "party": 1, "argh": -1, "day": -1, "killed": -1, "week": 1, "used": -1, "#stressed": -1, "damn": -1, "#depressing": -1, "unready": -1, "#happiness": 1, "taxes": -1, "weee": 1, "cheers": 1, "heartbroken": -1, "moment": 1, "#angel": 1, "awful": -1, "#thebest": 1, "#refreshing": 1, "totally": 1, "pleasantly": 1, "broke": -1, "#sucks": -1, "awesomeness": 1, "unattractive": -1, "#needsleep": -1, "thx": 1, "#whore": -1, "whole": 1, "well": 1, "fever": -1, "obviously": 1, "thought": 1, "person": 1, "cheer": 1, "hearty": 1, "#glamour": 1, "deserve": 1, "#entertainment": 1, "fail": -1, "#luxury": 1, "loveeee": 1, "left": -1, "summer": 1, "morons": -1, "disloyal": -1, "listening": 1, "scarred": -1, "#failure": -1, "ya": 1, "money": 1, "unfollow": -1, "half": -1, "muahahah": 1, "yey": 1, "quotes": 1, "#bravo": 1, "kill": -1, "greetings": 1, "human": 1, "using": -1, "yep": 1, "yes": 1, "#getoverit": -1, "#hideous": -1, "thinking": 1, "yaaay": 1, "surprises": 1, "#lovelife": 1, "#cretin": -1, "shhh": -1, "blog": 1, "depressed": -1, "add": 1, "book": 1, "#stunning": 1, "dreams": 1, "easy": 1, "excited": 1, "hates": -1, "take": -1, "(:": 1, "thankies": 1, "#rant": -1, "fucked": -1, "sick": -1, "#rare": -1, "hehehe": 1, "big": 1, "#grim": -1, "gonna": 1, "lovin": 1, "early": 1, "possibly": 1, "game": 1, "discreet": 1, "bitch": -1, "know": 1, "mom": 1, "wanting": -1, "hehehehe": 1, "world": 1, "bit": 1, "unique": 1, "disappointed": -1, "grin": 1, "sensational": 1, "#noexcuse": -1, "#ugly": -1, "#helpless": -1, "helpful": 1, "-_-": 1, "everytime": 1, "ignore": -1, "distrust": -1, "continue": 1, "dirty": -1, "terrible": -1, "night": 1, "mediocrity": -1, "#outofshape": -1, "works": -1, "trying": 1, "replacement": -1, "cancelled": -1, "right": 1, "honored": 1, "couldn't": 1, "people": 1, "absolutely": 1, "fake": -1, "magnificent": 1, "ewww": -1, "calling": 1, "hair": 1, "#nopoint": -1, "despair": -1, "#frustrated": -1, "#pain": -1, "recommendation": 1, "proper": 1, "home": 1, "thinks": 1, "#mybad": -1, "humor": 1, "#tips": 1, "phenomenal": 1, "decision": 1, ":-d": -1, "moon": 1, "wrong": -1, "aww": 1, "woohoo": 1, "#dumbass": -1, "adorable": 1, "jumpy": -1, "peek": 1, "#twofaced": -1, "eating": 1, "business": -1, "quit": -1, "lmfao": 1, "goooood": 1, "#majorturnoffs": -1, "disrespectful": -1, "empty": -1, "#goaway": -1, "broken": -1, "murdered": -1, "immature": -1, "found": 1, "losing": -1, "ache": -1, ";)": 1, "exciting": 1, "throw": -1, "officiating": -1, "#disgusting": -1, "giggle": 1, ":-)": 1, "#rolemodel": 1, "getting": 1, "#ridiculous": -1, "certainty": 1, "#bum": -1, "favorite": 1, "#headache": -1, "#disappointment": -1, "drama": -1, "#everclear": 1, "dinner": 1, "swear": -1, "#desperate": -1, "afternoon": 1, "stoked": 1, "act": -1, "#goodvibes": 1, "hatred": -1, "mean": -1, "wanna": 1, "silence": -1, "kinda": 1, "malfunction": -1, "):": -1, "dude": 1, "#fierce": -1, "crying": -1, "ppl": -1, "stop": 1, "weather": 1, "smelly": -1, "female": 1, "apologize": 1, "old": -1, "liar": -1, "nowadays": 1, "#lostcause": -1, "g'night": 1, "hideous": -1, "impressed": 1, "#good'night": 1, "heheh": 1, "#marryme": 1, "weekend": 1, "support": 1, "#flawless": 1, "xoxo": 1, "hey": 1, "twitterverse": 1, "filthy": -1, "#smh": -1, "hee": 1, "lonely": -1, "low": -1, "way": 1, "worst": -1, "appriciate": 1, "call": 1, "bored": -1, "heh": 1, "happy": 1, "#putrid": -1, "uncomplaining": 1, "yays": 1, "recommends": 1, "#feellikeshit": -1, "abysmal": -1, "enough": -1, "yayy": 1, "excerpt": 1, "relaxed": 1, "gorgeous": 1, "sore": -1, "idea": 1, "hear": 1, "#unwanted": -1, "beat": -1, "promote": 1, "eat": 1, "posted": -1, "coool": 1, "congratulations": 1, "made": 1, "#repulsive": -1, "#scum": -1, "wish": 1, "sounds": 1, "hasn't": 1, "tell": 1, "flirt": 1, "books": 1, "bbq": 1, "acting": 1, "#greatness": 1, "#weak": -1, "piece": 1, "agree": 1, "#magical": 1, "topmodel": 1, "heey": 1, "disgrace": -1, "videos": 1, "introducing": 1, "#lazy": -1, "pic": 1, "#fail": -1, "imperfection": -1, "beachbody": 1, "#grimey": -1, "#tired": -1, "chat": 1, "females": 1, "#notokay": -1, "appalling": -1, "check": 1, "worse": -1, "unacceptable": -1, "#wrong": -1, "selfish": -1, "maybe": -1, "#sassy": 1, "#handsome": 1, "dying": -1, "no": -1, "yeay": 1, "#disappointing": -1, "peace": 1, "offensive": -1, "horrific": -1, "#buttrue": 1, "website": -1, "grammatical": 1, "interested": 1, "#student": 1, "#poverty": -1, "dematerialize": -1, "np": 1, "woeful": -1, "#dissapointed": -1, "#feelshit": -1, "nice": 1, "poor": -1, "smiles": 1, "xxx": 1, "star": 1, "brothers": 1, "disgraceful": -1, "woho": 1, "welcome": 1, "clear-thinking": 1, "stay": 1, "push": 1, "#disgraceful": -1, "lunch": 1, "serious": 1, "included": 1, "#fitness": 1, "hurt": -1, "friends": 1, "died": -1, "missed": -1, "gooooood": 1, "apology": 1, "excuse": -1, "#pieceofshit": -1, "age": -1, "hi-5": 1, "amused": 1, "#scared": -1, "#affirmation": 1, "scare": -1, "time": 1, "alright": 1, "fresh": 1, "#confused": -1, "#slag": -1, "boutique": 1, "songs": 1}